source_file,session,scent,label,gas_trough_d,gas_mean_d,humid_peak_d,humid_mean_d,temp_d,gas_peak_d,gas_range_d,gas_slope,gas_recovery,gas_trough_pct,gas_skew,humid_recovery,humid_std,gas_late_slope,gas_std,time_to_trough
smell_baseline_2026-06-01.csv,baseline_2026-06-01,baseline,baseline,0.1499999999999914,1.1474999999999935,0.1033333333333459,-0.2283333333333175,0.0838333333333274,2.1499999999999915,2.0,0.006896551724138,11.28888888888959,0.2284843869002155,0.192894710084175,-4.451612903225203,0.1290886861382081,0.0182189497082534,0.5407498651564014,2
smell_baseline_2026-06-08.csv,baseline_2026-06-08_aft,baseline,baseline,-0.8666666666666742,0.9108333333333292,0.1799999999999997,-1.0183333333333309,0.1916666666666699,3.033333333333331,3.9000000000000057,-0.006896551724138,3.949999999999964,-1.148409893992943,0.2286301699603617,-13.0185185185185,0.9135081949398276,0.0361016949152556,1.292379104597409,8
smell_baseline_2026-06-08.csv,baseline_2026-06-08_eve,baseline,baseline,-0.2599999999999767,0.4133333333333553,0.2166666666666614,-0.1366666666666702,0.100999999999999,1.2400000000000233,1.5,0.0103448275862068,4.1025641025644015,-0.3534529635671245,0.1005401332037551,-1.8153846153846476,0.1040299102288488,0.007913309252571,0.3852993064561046,11
smell_baseline_2026-06-08.csv,baseline_2026-06-08_eve,baseline,baseline,-0.7449999999999903,0.2533333333333303,0.8416666666666615,0.0799999999999983,0.0734166666666702,0.7550000000000097,1.5,-0.0137931034482755,0.8008948545861175,-0.9980574720342829,-0.9089300578127784,-0.8158415841584302,0.2041989770352006,-0.0120644623506529,0.3568340728623819,101
smell_baseline_2026-07-17.csv,baseline_2026-07-17_aft,baseline,baseline,-2.8166666666666913,1.1574999999999989,0.6416666666666657,-0.2616666666666702,0.0299166666666685,4.983333333333292,7.799999999999983,0.117241379310345,1.6733727810650758,-1.11587982832619,-0.2012351757965685,-1.0389610389610258,0.2020450994758892,0.0018782995276501,1.2852039937517905,0
smell_baseline_2026-07-17.csv,baseline_2026-07-17_eve,baseline,baseline,-2.749999999999943,-0.8483333333332723,0.0816666666666776,-0.2199999999999988,0.1022499999999873,0.9500000000000456,3.6999999999999886,0.0206896551724145,0.3539393939394101,-1.1596036263967715,0.0283320344446339,-4.933333333333394,0.1449041829010541,-0.0221283689913853,0.8877859476748255,119
smell_baseline_2026-07-17.csv,baseline_2026-07-17_eve,baseline,baseline,-2.8566666666666833,0.7241666666666333,-0.0983333333333291,-0.289999999999992,0.0841666666666753,2.6433333333333167,5.5,0.0344827586206896,1.47957992998833,-1.244970001597985,-0.9932725176523178,-2.9333333333333655,0.1339050243850298,0.0566268407891125,1.1007040045150895,58
smell_baseline_2026-07-17_1.csv,baseline_1,baseline,baseline,3.0699999999999648,10.401666666666586,-0.2500000000000142,-0.798333333333332,0.0017500000000012,19.869999999999948,16.799999999999983,0.072413793103448,4.251900108577675,1.280073385314583,0.2095745202984307,-3.826666666666436,0.3499960317235356,0.1265018060572422,4.462603562445979,0
smell_baseline_2026-07-17_1.csv,baseline_1,baseline,baseline,-0.0233333333333689,2.1949999999999363,1.144999999999996,0.5049999999999955,-0.0219999999999949,4.276666666666586,4.2999999999999545,0.0206896551724126,24.33333333333223,-0.0089016620674881,-0.0296531474298526,-0.2445414847161466,0.2847220867208351,0.0217727146429595,1.0546708280575314,76
smell_baseline_2026-07-17_1.csv,baseline_1,baseline,baseline,-4.276666666666642,-0.8666666666666742,1.1800000000000068,0.6158333333333275,0.0226666666666695,1.8233333333333237,6.099999999999966,-0.013793103448275,0.3226812159002346,-1.6103322330023884,-0.2250454105998542,-0.1129943502824908,0.3673771525588147,-0.0526868574604019,1.5557099129764942,119
smell_black_opium_2026-05-29.csv,black_opium_2026-05-29_t0,black_opium,perfume,-39.72666666666666,-10.270000000000003,1.3500000000000014,0.2774999999999963,-0.2206666666666663,-0.1266666666666651,39.599999999999994,-0.6862068965517241,0.9733176707501258,-67.30291393720351,-1.1279258005671844,-0.9555555555555592,0.3607775168530692,0.0521311475409841,11.451999340241375,14
smell_black_opium_2026-05-31.csv,black_opium_2026-05-31_t0,black_opium,perfume,-45.346666666666664,-19.263333333333335,1.5133333333333283,0.5066666666666606,-0.1636666666666677,0.8533333333333317,46.2,-1.4344827586206896,0.882975595413114,-76.15315718763995,-0.4319444806210886,-0.9427312775330446,0.3586394041683406,0.1978883023061972,13.83878808117082,8
smell_black_opium_2026-06-01.csv,black_opium_2026-06-01_t0,black_opium,perfume,-48.976666666666674,-19.745833333333337,1.480000000000004,0.4116666666666759,-0.090166666666672,0.5233333333333263,49.5,-1.3310344827586205,0.8362485537330699,-77.89323013306473,-0.8838045207751916,-0.8873873873873893,0.4171297426727358,0.0563906640733534,14.429147559906497,16
smell_blackberry_bay_2026-06-01.csv,blackberry_bay_2026-06-01_t0,blackberry_bay,perfume,-50.57666666666668,-26.550833333333344,0.769999999999996,0.1774999999999948,-0.0345833333333445,0.3233333333333235,50.900000000000006,-1.6655172413793105,0.7962828708890792,-77.95817705389715,-0.0339593794391841,-0.8225108225108262,0.3507521679666903,0.3540094470686306,13.75192408255013,9
smell_blackberry_bay_2026-06-01.csv,blackberry_bay_2026-06-01_t1,blackberry_bay,perfume,-58.33333333333333,-40.86,5.94666666666668,3.024166666666673,-0.8156666666666617,0.0666666666666628,58.39999999999999,-1.9172413793103449,0.5930857142857144,-91.09838625715771,0.4430749306960709,-0.2696188340807178,2.3579108867809233,0.432258960822451,14.402006418860148,8
smell_blackberry_bay_2026-06-01.csv,blackberry_bay_2026-06-01_t2,blackberry_bay,perfume,-35.20666666666668,-5.948333333333345,0.5600000000000023,0.1333333333333399,0.0428333333333306,0.7933333333333223,36.0,-0.389655172413793,1.0047339519030485,-57.89935314110296,-1.878870677557738,-1.047619047619042,0.1956754682858555,0.0502472909141431,8.892811547661527,8
smell_bluebell_2026-06-01.csv,bluebell_2026-06-01_t0,bluebell,perfume,-45.903333333333336,-17.59666666666668,2.5433333333333223,0.8833333333333186,-0.2130833333333299,0.8966666666666612,46.8,-1.4517241379310344,0.8711785636482462,-73.20716601988198,-0.5653448578027752,-0.6120576671035461,0.5877074101966048,0.1625646012781334,12.001886888689166,27
smell_bluebell_2026-06-01.csv,bluebell_2026-06-01_t1,bluebell,perfume,-55.515,-21.341666666666676,2.991666666666667,1.3233333333333306,-0.2644166666666585,-0.1149999999999948,55.400000000000006,-1.5965517241379312,0.8668528025458585,-84.73631992673434,-0.7534825336480744,-0.5805013927576618,1.0971161692769322,0.2331342039455415,15.367838350124444,17
smell_bluebell_2026-06-01.csv,bluebell_2026-06-01_t2,bluebell,perfume,-19.52666666666665,-3.7183333333333266,0.8283333333333402,0.2850000000000108,-0.0287499999999987,0.4733333333333434,19.999999999999993,-0.2344827586206895,0.9641515875725508,-29.9825980141263,-1.7305056850980844,-0.7645875251509157,0.1515109090315134,0.0131147540983614,4.403475584379027,17
smell_lemon_2026-07-01.csv,lemon_2026-07-01_t0,lemon,fresh_plant,-30.960000000000008,-19.115833333333313,0.5500000000000114,-1.1866666666666674,0.5416666666666679,2.0399999999999636,32.99999999999997,-0.5034482758620678,0.0595391903531429,-11.711302768951432,0.6963464053030548,-4.521212121212037,0.6675743820396013,-0.1240622395109726,9.871725582299284,113
smell_lemon_2026-07-01_2.csv,lemon_2026-07-01_2_t0,lemon,fresh_plant,-98.36333333333332,-78.91499999999996,5.391666666666659,3.630833333333335,-0.3897500000000065,1.9366666666666672,100.29999999999998,-3.0344827586206886,0.2218984038767841,-37.83738732385336,3.194732551761804,-0.3499227202472964,0.8348947871172485,0.2052792442345126,15.088207223597582,19
smell_lemon_2026-07-01_3.csv,lemon_2026-07-01_3_t0,lemon,fresh_plant,-21.325000000000017,-14.16166666666669,3.336666666666659,1.7874999999999943,-0.1150000000000055,2.375,23.700000000000017,-0.6517241379310347,0.4054708870652613,-9.67010543022334,1.5288250610242262,-0.4675324675324736,0.6058046760760059,0.0197999444290102,3.898502561525672,32
smell_lemon_2026-07-02.csv,lemon_2026-07-02_t0,lemon,fresh_plant,-60.80166666666673,-43.81083333333339,5.393333333333317,2.517499999999977,-1.9713333333333376,0.0983333333333007,60.900000000000034,-1.6689655172413784,0.3336531345083742,-17.127149637795146,2.5636838025609596,-0.138442521631645,2.3343091709444908,0.020816893581555,9.147394855306562,19
smell_lemon_2026-07-02_2.csv,lemon_2026-07-02_2_t0,lemon,fresh_plant,-23.986666666666626,-16.642499999999927,5.51666666666668,3.691666666666677,-1.1007500000000014,4.313333333333389,28.30000000000001,-0.8551724137931038,0.3572818232351262,-7.055178634456241,1.8483561307201912,-0.1009063444108768,1.61478842783402,0.1342567379827778,5.969642588873213,25
smell_lemon_2026-07-02_3.csv,lemon_2026-07-02_3_t0,lemon,fresh_plant,-84.5916666666667,-62.254999999999995,8.924999999999997,3.9299999999999926,-2.5249999999999986,-0.8916666666666515,83.70000000000005,-2.4586206896551728,0.318707516500837,-24.55550448728804,2.684956799950967,-0.1979458450046677,3.224046370634269,0.116710197277024,13.201337895161316,11
smell_lemon_2026-07-02_4.csv,lemon_2026-07-02_4_t0,lemon,fresh_plant,-80.5933333333333,-56.675833333333316,7.423333333333332,5.2008333333333425,-0.6394999999999982,-4.293333333333294,76.30000000000001,-1.86896551724138,0.289229878401853,-30.459321222504972,1.742095945703363,-0.1661427929950626,1.449106765102789,0.1184634620728001,14.334298392898994,49
smell_lemon_2026-07-02_5.csv,lemon_2026-07-02_5_t0,lemon,fresh_plant,-17.210000000000008,-8.946666666666658,4.753333333333309,2.659166666666657,-0.4904999999999972,1.6899999999999975,18.90000000000001,-0.603448275862069,0.7301956226999817,-7.258234574669988,-0.1253107357553692,-0.3253856942496511,0.7676040465124073,0.064265073631567,5.146421626290988,33
smell_lemon_2026-07-03.csv,lemon_2026-07-03_t0,lemon,fresh_plant,-17.5866666666667,-11.604166666666686,3.776666666666678,2.1566666666666734,-0.2791666666666614,0.6133333333332871,18.19999999999999,-0.5793103448275856,0.4672100075815003,-7.134936304871135,0.9884783999992012,-0.3539276257722828,0.8053570636680353,0.0759071964434597,3.2192303039701877,23
smell_mint_2026-07-01.csv,mint_2026-07-01_t0,mint,fresh_plant,-36.55833333333331,-25.748333333333335,4.761666666666663,2.6416666666666657,-0.1719166666666751,-3.5583333333333087,33.0,-0.8206896551724142,0.1305675860496933,-15.467334203010957,1.2213627924532529,-0.3353167658382916,1.1639444431185997,-0.0616476799110836,7.90733204058107,97
smell_mint_2026-07-01_2.csv,mint_2026-07-01_2_t0,mint,fresh_plant,-54.70999999999998,-34.422499999999985,6.009999999999998,2.3233333333333377,-0.3110833333333396,2.7900000000000205,57.5,-1.8172413793103457,0.4991165539511361,-23.72403625168032,0.8094469383785909,-0.6977260122018862,1.2513281832605792,0.472456237843848,14.432622552744876,54
smell_mint_2026-07-02.csv,mint_2026-07-02_t0,mint,fresh_plant,-115.705,-87.65833333333336,6.661666666666662,3.989999999999995,-0.4017499999999963,2.694999999999993,118.4,-4.006896551724139,0.248102213963672,-46.995390020511365,2.0616087250661943,-0.24218163622717,1.5017868986273952,0.0837454848569057,21.985942225784996,34
smell_mint_2026-07-02_new1.csv,mint_2026-07-02_new1_t0,mint,fresh_plant,-39.923333333333346,-29.54916666666668,2.209999999999986,1.1824999999999832,-0.1887499999999988,1.7766666666666424,41.69999999999999,-1.1931034482758618,0.3779744510311429,-17.030443499651632,1.7946750116050494,-0.3589743589743658,0.4149221814589657,0.2069602667407625,8.255871605846485,15
smell_mint_2026-07-02_new2.csv,mint_2026-07-02_new2_t0,mint,fresh_plant,-32.47333333333333,-17.432499999999976,5.513333333333321,1.275833333333324,-0.1102500000000006,1.2266666666666597,33.69999999999999,-0.7517241379310349,0.6144528844179836,-14.244356065036843,-0.1240073865685221,-0.7569528415961307,0.8859140759689963,0.0808002222839703,6.21642308504032,11
smell_mint_2026-07-02_new3.csv,mint_2026-07-02_new3_t0,mint,fresh_plant,-77.975,-53.55583333333331,3.846666666666657,-0.4458333333333399,-0.2065833333333344,6.125,84.1,-2.358620689655172,0.3861066581169181,-27.497134796790977,2.132085147833231,-1.1542461005199312,1.0859068790646826,0.2942928591275378,14.392314475866003,19
smell_mint_2026-07-03.csv,mint_2026-07-03_t0,mint,fresh_plant,-34.879999999999995,-21.455833333333317,2.1783333333333346,1.2650000000000006,-0.3769166666666592,2.2200000000000273,37.10000000000002,-1.031034482758622,0.5275229357798144,-12.758797278513423,0.6244211348407711,-0.4254016832440714,0.348074066192176,0.1485329258127273,6.779208358814636,19
smell_mint_2026-07-03_2.csv,mint_2026-07-03_2_t0,mint,fresh_plant,-32.04166666666663,-23.019999999999925,2.436666666666653,0.5416666666666501,-0.0816666666666634,2.058333333333394,34.10000000000002,-1.1241379310344837,0.3757607282184666,-11.30051432770021,1.913535202737531,-0.8563611491108145,0.4371975144790587,0.0996943595443212,6.181614990347501,26
smell_mint_2026-07-03_3.csv,mint_2026-07-03_3_t0,mint,fresh_plant,-79.0333333333333,-61.13916666666668,3.9266666666666694,2.3583333333333414,-0.1154166666666718,-2.3333333333333144,76.69999999999999,-1.9689655172413791,0.2285111767186838,-27.844979448032873,2.189560853180516,-0.3684210526315765,0.7606996048959727,0.3357265907196457,14.243643587189654,64
smell_orange_2026-05-29.csv,orange_2026-05-29_t0,orange,fresh_plant,-20.385,-16.339166666666664,11.553333333333327,5.431666666666651,-0.0831666666666706,-0.384999999999998,20.0,-0.6172413793103447,0.1801978579020524,-33.75838370456239,2.8890970448557143,-0.2873629544143106,2.9002638768835425,0.0282856348985833,3.224616148560252,72
smell_orange_2026-05-31.csv,orange_2026-05-31_t0,orange,fresh_plant,-24.90833333333334,-18.951666666666675,10.059999999999995,5.4683333333333195,-0.0402500000000038,-0.0083333333333399,24.9,-0.8413793103448275,0.3098026095684175,-41.165128770141855,1.8075279764984424,-0.4801192842942346,1.800906407587271,0.1303362045012503,5.422940981505229,27
smell_orange_2026-06-01.csv,orange_2026-06-01_t0,orange,fresh_plant,-27.563333333333333,-22.60416666666667,11.79,6.371666666666648,-0.4817499999999981,0.8366666666666731,28.40000000000001,-0.8862068965517242,0.0981980892490021,-41.72258943438115,2.789706771558077,-0.3508623126943729,2.590269719975552,0.0112836899138656,6.669801294308217,51
smell_orange_2026-07-16.csv,orange_2026-07-16_t0,orange,fresh_plant,-83.85333333333331,-64.19249999999994,3.3799999999999812,1.7566666666666464,-0.5272499999999987,10.746666666666698,94.6,-2.1103448275862076,0.1403243758944188,-40.57681140718755,2.15945884273885,-0.3589743589743624,0.8808833949823065,0.1229702695193127,16.273062075268918,75
smell_orange_2026-07-16_2.csv,orange_2026-07-16_2_t0,orange,fresh_plant,-36.110000000000014,-28.239166666666677,3.1199999999999903,1.5333333333333456,-0.2488333333333301,4.989999999999981,41.099999999999994,-1.1896551724137931,0.0995107541770515,-20.457764432610055,2.1444975611775816,-0.3952991452991423,0.7590491127427507,0.0363767713253691,10.51882753156876,80
smell_orange_2026-07-16_3.csv,orange_2026-07-16_3_t0,orange,fresh_plant,-44.20666666666665,-34.504166666666606,3.289999999999992,1.8691666666666575,-0.281166666666671,2.2933333333333508,46.5,-1.2689655172413787,0.0684662946765195,-24.848235029603533,1.765325942810268,-0.3779128672745764,0.7133133758890425,0.0113614893025873,13.454828516806398,46
smell_orange_2026-07-16_4.csv,orange_2026-07-16_4_t0,orange,fresh_plant,-26.211666666666673,-19.095,5.5533333333333275,1.988333333333344,-0.2800833333333372,2.288333333333327,28.5,-0.9310344827586212,0.2657849558084822,-17.11931379058857,2.0383316194128365,-0.7190876350540235,1.1684498277632631,0.0681522645179239,6.9934413719014055,34
smell_orange_2026-07-16_5.csv,orange_2026-07-16_5_t0,orange,fresh_plant,-42.843333333333305,-28.89666666666666,6.720000000000013,3.439166666666665,-0.3974166666666683,2.9566666666666777,45.79999999999998,-1.4068965517241374,0.3901034777872864,-29.09695968125324,1.5732798377516233,-0.4885912698412707,1.40672763493467,0.1348874687413187,10.47083197373648,45
smell_orange_2026-07-16_6.csv,orange_2026-07-16_6_t0,orange,fresh_plant,-21.77000000000001,-8.632500000000022,4.473333333333329,2.109999999999999,-0.2996666666666669,1.9299999999999784,23.69999999999999,-0.3551724137931029,0.4049915786250174,-14.883434743966642,0.0095962376655448,-0.2451564828613973,1.135850146610702,-0.1251792164490123,5.524808631678264,111
